Feature,Dimension,Best Accuracy,Best Model
Opcode 4-gram,1408515 → 5000,0.9913,K-Nearest
Content Complexity,6,0.9862,Random Forest
Section Size,846 → 25,0.9784,Random Forest
Section Permission,9,0.9738,Random Forest
File Size,3,0.9402,Random Forest
Import Library,570 → 300,0.9255,Random Forest
API 4-gram,402972 → 5000,0.5787,Random Forest
Section Size + Section Permission + Content Complexity,861 → 40,,
Section Size + Section Permission + Content Complexity + Import Library,1431 → 340,,
File Size + API 4-gram + Opcode 4-gram,1811490 → 10003,,
All Features,1812921 → 10343,,
